branch_id,branch_name,category,city,province,latitude,longitude,address,services_offered,open_mon,close_mon,open_tue,close_tue,open_wed,close_wed,open_thu,close_thu,open_fri,close_fri,open_sat,close_sat,notes
jhb_cbd,Johannesburg CBD,home_affairs,Johannesburg,Gauteng,-26.2041,28.0473,"Corner Harrison & Albertina Sisulu St, Johannesburg",id_application|id_replacement|passport_new|passport_renewal|birth_registration|marriage_certificate|death_certificate|visa_application,08:00,15:30,08:00,15:30,08:00,15:30,08:00,15:30,08:00,15:30,,,High volume CBD office — arrive early or mid-afternoon
soweto,Soweto Maponya,home_affairs,Soweto,Gauteng,-26.2678,27.8585,"Maponya Mall area, Soweto",id_application|id_replacement|passport_new|passport_renewal|birth_registration,08:00,15:30,08:00,15:30,08:00,15:30,08:00,15:30,08:00,15:30,,,Moderate queues; good midweek option
randburg,Randburg,home_affairs,Randburg,Gauteng,-26.0939,28.0063,"Corner Hill St & Pretoria Ave, Randburg",id_application|id_replacement|passport_new|passport_renewal|marriage_certificate,08:00,15:30,08:00,15:30,08:00,15:30,08:00,15:30,08:00,15:30,,,Often quieter than CBD mid-afternoon
pta_cbd,Pretoria CBD,home_affairs,Pretoria,Gauteng,-25.7461,28.1881,"Struben Street, Pretoria",id_application|id_replacement|passport_new|passport_renewal|birth_registration|marriage_certificate|death_certificate|visa_application,08:00,15:30,08:00,15:30,08:00,15:30,08:00,15:30,08:00,15:30,,,Busy capital office — Mondays typically longest
sandton,Sandton,home_affairs,Sandton,Gauteng,-26.1076,28.0567,"Near Sandton City, Sandton",id_application|id_replacement|passport_new|passport_renewal,08:00,15:30,08:00,15:30,08:00,15:30,08:00,15:30,08:00,15:30,,,Smaller footprint; check services before visiting
mahikeng,Mahikeng,home_affairs,Mahikeng,North West,-25.8601,25.6403,"Sekame Road, Mmabatho, Mahikeng",id_application|id_replacement|passport_new|passport_renewal|birth_registration|marriage_certificate,08:00,15:30,08:00,15:30,08:00,15:30,08:00,15:30,08:00,15:30,,,Provincial capital office — moderate queues
brits,Brits,home_affairs,Brits,North West,-25.640078,27.781605,"27 Tom St, Primindia, Brits, 0250",id_application|id_replacement|passport_new|passport_renewal|birth_registration,08:00,15:30,08:00,15:30,08:00,15:30,08:00,15:30,08:00,15:30,,,Verified via Google Places — booking system can have long waits per user reviews
marabastad_pta,Marabastad Pretoria,home_affairs,Pretoria,Gauteng,-25.744021,28.172866,"Corner Eskia Mphahlele & Johannes Ramokhoase St, Marabastad, Pretoria, 0183",id_application|id_replacement|passport_new|passport_renewal|birth_registration|marriage_certificate|visa_application|amendment,08:00,15:30,08:00,15:30,08:00,15:30,08:00,15:30,08:00,15:30,,,Very high volume — one of the busiest DHA offices nationally; long queues reported
ct_refugee_goodwood,Refugee Centre Goodwood,home_affairs,Cape Town,Western Cape,-33.936339,18.533552,"12 Grenville Ave, Goodwood, Cape Town, 7475",refugee_asylum|amendment,08:00,15:30,08:00,15:30,08:00,15:30,08:00,15:30,08:00,15:30,,,Dedicated refugee/asylum services
ct_refugee_reception,Refugee Reception Office Cape Town,home_affairs,Cape Town,Western Cape,-33.915036,18.428678,"Nelson Mandela Blvd, Cape Town City Centre, Cape Town, 8000",refugee_asylum,07:00,17:00,07:00,17:00,07:00,17:00,07:00,17:00,07:00,17:00,,,Longer daily hours than standard DHA branches
jhb_standardbank,Standard Bank Selby (DHA agent),bank_agent,Johannesburg,Gauteng,-26.209794,28.039032,"5 Simmonds St, Selby South, Johannesburg, 2001",id_application|passport_new|passport_renewal,09:00,15:00,09:00,15:00,09:00,15:00,09:00,15:00,09:00,15:00,,,DHA smart ID/passport desk inside a bank branch — appointment strongly recommended; consistently well-reviewed
ct_sassa_bellville,SASSA Bellville,sassa,Cape Town,Western Cape,-33.901881,18.642202,"Petrusa St, Belgravia, Cape Town, 7530",grant_application|grant_query|grant_appeal,07:30,16:00,07:30,16:00,07:30,16:00,07:30,16:00,07:30,16:00,,,Very high demand — queues from before 6am reported; Mon often pensioners-only
ct_sassa_wynberg,SASSA Wynberg,sassa,Cape Town,Western Cape,-34.010221,18.468887,"272 Main Rd, Wynberg, Cape Town, 7800",grant_application|grant_query|grant_appeal,07:30,16:00,07:30,16:00,07:30,16:00,07:30,16:00,07:30,12:00,,,Different grant types served on different weekdays per user reports
ct_sassa_citycentre,SASSA Cape Town City Centre,sassa,Cape Town,Western Cape,-33.920536,18.421427,"Corner Long & Strand St, Cape Town City Centre, Cape Town, 8001",grant_application|grant_query|grant_appeal,07:30,16:00,07:30,16:00,07:30,16:00,07:30,16:00,07:30,16:00,,,Recently relocated branch — arrive very early
dbn_sassa,SASSA Durban Station,sassa,Durban,KwaZulu-Natal,-29.846738,31.023916,"65 Masabalala Yengwa Ave, Durban Central, Durban, 4001",grant_application|grant_query|grant_appeal,07:30,16:00,07:30,16:00,07:30,16:00,07:30,16:00,07:30,16:00,,,"Mixed reviews — some counters efficient, long waits reported by elderly applicants"
polokwane_sassa,SASSA Capricorn District,sassa,Polokwane,Limpopo,-23.91616,29.45554,"22 Schoeman St, Polokwane Central, Polokwane, 0700",grant_application|grant_query|grant_appeal,07:30,16:30,07:30,16:30,07:30,16:30,07:30,16:30,07:30,16:30,,,Appointment system used; queue cut-off reported around 10am on busy days
bfn_sassa,SASSA House Free State,sassa,Bloemfontein,Free State,-29.118001,26.217869,"Iustitia Bldg, Aliwal St, City Centre, Bloemfontein Central, Bloemfontein, 9301",grant_application|grant_query|grant_appeal,07:30,16:00,07:30,16:00,07:30,16:00,07:30,16:00,07:30,16:00,,,Regional SASSA head office for Free State
ct_sars,SARS Cape Town,sars,Cape Town,Western Cape,-33.917038,18.425299,"17 Lower Long St, Cape Town City Centre, Cape Town, 8001",tax_registration|efiling_support|tax_query,08:00,16:00,08:00,16:00,09:00,16:00,08:00,16:00,08:00,16:00,,,Efficient with early arrival — queue management starts ~7:15am
dbn_sars,SARS Durban,sars,Durban,KwaZulu-Natal,-29.85779,31.028983,"201 West St, Durban Central, Durban, 4001",tax_registration|efiling_support|tax_query,08:00,16:00,08:00,16:00,09:00,16:00,08:00,16:00,08:00,16:00,,,Consistently well-reviewed branch — short waits reported
ct_labour,Department of Labour Cape Town (UIF),labour,Cape Town,Western Cape,-33.927202,18.419991,"120 Plein St, Cape Town City Centre, Cape Town, 8001",uif_claim|uif_query|domestic_worker_registration,07:30,16:00,07:30,16:00,07:30,16:00,07:30,16:00,07:30,16:00,,,UIF/CF Online queries — early arrival strongly recommended
dbn_labour,Department of Labour Durban,labour,Durban,KwaZulu-Natal,-29.859323,31.025895,"267 Anton Lembede St, Durban Central, Durban, 4001",uif_claim|uif_query|domestic_worker_registration,07:30,16:00,07:30,16:00,07:30,16:00,07:30,16:00,07:30,16:00,,,Confirmation of Employment handled at a separate counter/room
ct_licensing_ottery,Ottery Driving Licence Testing Centre,licensing,Cape Town,Western Cape,-34.01602,18.520421,"101 Old Strandfontein Rd, Ottery, Cape Town, 7808",drivers_license_renewal|drivers_license_new|learners_license|vehicle_registration,08:00,15:30,08:00,15:30,08:00,15:30,08:00,15:30,08:00,15:30,08:00,12:00,Consistently well-reviewed; renewals often done in under an hour
ct_licensing_gallowshill,Gallows Hill Traffic Department,licensing,Cape Town,Western Cape,-33.911882,18.416982,"Cnr Ebenezer & Somerset Rd, Green Point, Cape Town, 8001",drivers_license_renewal|drivers_license_new|vehicle_registration,08:00,15:30,08:00,15:30,08:00,15:30,08:00,15:30,08:00,15:30,08:00,10:00,High volume — very short Saturday hours
pe_municipal,Nelson Mandela Bay Municipality (Market Sq),municipal,Gqeberha,Eastern Cape,-33.957054,25.617627,"Floor 1, Market Sq, Govan Mbeki Ave, Central, Gqeberha, 6001",utility_account|indigent_registration|municipal_query,08:00,16:00,08:00,16:00,08:00,16:00,08:00,16:00,08:00,16:00,,,Hours not listed on Google — verify before publishing; billing/water query complaints common
kimberley_saps,SAPS HRD Northern Cape (Kimberley),saps,Kimberley,Northern Cape,-28.735648,24.773835,"28 Forrester St, De Beers, Kimberley, 8301",police_clearance|affidavit,07:30,16:00,07:30,16:00,07:30,16:00,07:30,16:00,07:30,16:00,,,Admin/HR office — for the 24hr charge office use the main Kimberley station instead
mbombela_clinic,Nelspruit Municipal Clinic,health,Mbombela,Mpumalanga,-25.46987,30.97857,"Mbombela Central, Mbombela, 1201",outpatient_queue,07:00,16:00,07:00,16:00,07:00,16:00,07:00,16:00,07:00,16:00,,,Google lists 24h but reviews describe daytime-only staffing — verify before publishing
