service_id,service_name,category,urgency_default,requires_appointment,description,keywords
id_application,ID Application,home_affairs,normal,false,Apply for a new South African ID book or smart ID card,"id,identity document,new id,smart id,id book"
id_replacement,ID Replacement,home_affairs,normal,false,Replace a lost stolen or damaged South African ID,"lost id,stolen id,damaged id,replace id,id replacement"
passport_new,New Passport,home_affairs,normal,true,Apply for a new South African passport,"new passport,get passport,first passport"
passport_renewal,Passport Renewal,home_affairs,normal,true,Renew an existing South African passport,"renew passport,passport renewal,expired passport,passport"
birth_registration,Birth Registration,home_affairs,high,false,Register a newborn child's birth,"register child,birth certificate,baby registration,newborn"
marriage_certificate,Marriage Certificate,home_affairs,normal,false,Apply for a marriage certificate,"marriage,wedding certificate,get married"
death_certificate,Death Certificate,home_affairs,high,false,Apply for a death certificate,"death certificate,deceased"
visa_application,Visa / Permit Enquiry,home_affairs,normal,true,Enquire about visas temporary residence or work permits,"visa,permit,work permit,residence"
refugee_asylum,Refugee & Asylum Services,home_affairs,high,false,Apply for or renew asylum seeker or refugee status documentation,"refugee,asylum,asylum seeker,refugee status,section 22"
amendment,Document Amendment,home_affairs,normal,false,Correct or amend details on an existing Home Affairs record,"amendment,correction,fix details,rectification"
grant_application,Grant Application,sassa,high,false,Apply for a SASSA social grant (child support old age disability etc),"grant,sassa,apply grant,child support grant,old age grant,disability grant,srd"
grant_query,Grant Query,sassa,normal,false,Query the status or payment of an existing SASSA grant,"grant status,grant query,sassa payment,why no payment"
grant_appeal,Grant Appeal,sassa,high,false,Appeal a rejected or suspended SASSA grant application,"appeal,rejected grant,suspended grant,sassa appeal"
tax_registration,Tax Registration,sars,normal,false,Register for a South African tax number with SARS,"tax number,sars registration,register for tax"
efiling_support,eFiling Support,sars,normal,false,In-person help with SARS eFiling account issues,"efiling,sars efiling,efiling help,tax return online"
tax_query,Tax Query,sars,normal,false,General SARS tax queries or document submission,"tax query,sars query,tax return,submit documents"
uif_claim,UIF Claim,labour,high,false,Claim Unemployment Insurance Fund benefits,"uif,unemployment,uif claim,retrenchment,maternity uif"
uif_query,UIF Query,labour,normal,false,Query the status of an existing UIF claim,"uif status,uif query,uif payment,why no uif"
domestic_worker_registration,Domestic Worker Registration,labour,normal,false,Register a domestic worker for UIF contributions,"domestic worker,uif registration,register employee"
drivers_license_renewal,Driver's Licence Renewal,licensing,normal,false,Renew an existing South African driver's licence,"drivers licence,driver license,licence renewal,driving licence,renew licence"
drivers_license_new,New Driver's Licence,licensing,normal,true,Apply for a first-time South African driver's licence,"new drivers licence,first licence,driving test,k53"
learners_license,Learner's Licence,licensing,normal,true,Apply for or book a learner's licence test,"learners licence,learners test,k53 learners"
vehicle_registration,Vehicle Registration,licensing,normal,false,Register or transfer ownership of a motor vehicle,"vehicle registration,register car,change of ownership,natis"
utility_account,Utility Account,municipal,normal,false,Open query or manage a municipal water/electricity account,"utility account,municipal account,water account,electricity account"
indigent_registration,Indigent Registration,municipal,high,false,Register for the municipal indigent support programme,"indigent,free basic services,municipal support,indigent registration"
municipal_query,Municipal Query,municipal,normal,false,General municipal billing or service query,"municipal query,rates query,billing dispute,municipal complaint"
police_clearance,Police Clearance Certificate,saps,normal,false,Apply for a SAPS police clearance certificate,"police clearance,criminal record,clearance certificate,saps certificate"
affidavit,Affidavit,saps,normal,false,Make a sworn affidavit at a police station,"affidavit,sworn statement,sign affidavit"
outpatient_queue,Clinic Visit,health,normal,false,Visit a public clinic for primary healthcare,"clinic,doctor,healthcare,medical,outpatient"
